id;name;start_date;end_date
1;deposit Internal;2019-08-15T20:38:38;2019-08-16T02:05:08
2;archive Fantastic Plastic Chicken;2019-08-16T09:14:25;2019-08-16T01:03:46
3;New York tangible Mississippi;2019-08-16T07:51:16;2019-08-16T14:10:28
4;bus synthesize Idaho;2019-08-15T22:32:30;2019-08-16T10:53:57
5;Sleek Metal Table Small;2019-08-16T06:30:02;2019-08-16T14:27:19
6;Outdoors;2019-08-16T01:46:15;2019-08-16T05:38:09
7;Montana;2019-08-16T00:21:09;2019-08-15T19:15:48
8;Phased;2019-08-16T07:11:44;2019-08-16T04:05:19
9;white Brand Money Market Account;2019-08-16T00:22:12;2019-08-16T13:10:31
10;Web virtual deposit;2019-08-15T20:07:47;2019-08-16T06:05:17
